{"cameraMode":{"drawMode":0,"name":"Shaded","section":"Shading Mode"},"sceneLighting":true,"audioPlay":false,"sceneViewState":{"m_AlwaysRefresh":false,"showFog":true,"showSkybox":true,"showFlares":true,"showImageEffects":true,"showParticleSystems":true,"showVisualEffectGraphs":true,"m_FxEnabled":true},"in2DMode":false,"pivot":{"x":14.886887550354004,"y":15.907951354980469,"z":10.697877883911133},"rotation":{"x":0.29577773809432986,"y":-0.01576668955385685,"z":0.004877723753452301,"w":0.9551273584365845},"size":22.109926223754884,"orthographic":false}